time,TsPreOut_abnormal,TpreIn_abnormal,Texh_abnormal,PAw_abnormal,TsEcoOut_abnormal,PAs0_abnormal,Ts0_abnormal
0,50.9,111.8,73.9,1.644,136.8,0.748,219.5
1,50.8,111.4,73.8,1.621573959902566,136.1,0.748,216.9
2,50.7,111.3,72.6,1.536399047784107,136.0,0.7490000000000001,215.6
3,50.7,111.3,72.3,1.5692249478124707,135.6,0.748,216.5
4,50.8,111.5,73.2,1.6440516862076608,136.0,0.747,217.8
5,50.9,111.7,73.8,1.5612792900315209,136.4,0.748,218.5
6,50.9,111.8,74.0,1.5709077872144546,137.4,0.748,219.8
7,51.0,112.0,74.2,1.7213372065829742,137.6,0.748,221.0
8,51.0,112.0,74.1,1.6289675778881036,137.7,0.748,221.0
9,51.0,112.1,74.3,1.6329989318346547,137.8,0.7490000000000001,220.6
10,51.0,112.2,74.4,1.5486313001114083,138.0,0.748,220.6
11,51.02697699208075,112.2,74.5,1.5582647154222233,138.5,0.748,221.4
12,51.027865981665215,112.0,74.5,1.6050992115181035,138.4,0.746,221.9
13,51.028784225787135,112.0,73.0,1.615934823230244,137.7,0.7440000000000001,221.4
14,51.02973268440495,112.0,73.8,1.5627715865040912,138.1,0.743,221.1
15,51.03071234879371,111.9,74.1,1.5576095384344428,138.0,0.742,221.7
16,51.031724242554475,111.8,74.3,1.6184487173016169,137.4,0.741,222.2
17,51.03276942265527,111.7,74.4,1.6260891626087206,136.9,0.741,221.1
18,50.93384898050487,111.5,74.4,1.5517309151200505,136.1,0.741,220.2
19,51.03496404306006,111.5,74.4,1.5473740169006538,135.8,0.742,221.5
20,51.03611577396752,111.7611972077629,74.6,1.7106185113570858,136.0,0.743,225.0
21,51.13730537474141,111.9632444893276,74.9,1.655064443279393,136.4,0.746,226.7
22,51.238534085977456,112.16536015986007,75.0,1.6371118588843594,136.8,0.747,226.8
23,51.23980318860487,112.16754649704481,75.0,1.6255608058600461,137.5,0.742,226.8
24,51.241114005177,112.26980585395945,75.1,1.5280113334116632,138.8,0.736,226.8
25,51.24246790120198,112.37214066153881,75.1,1.5392634923088073,139.4,0.732,227.8
26,51.14386628651428,112.37455343111714,75.1,1.6617173349341012,139.5,0.733,228.42423020106304
27,51.24531061668871,112.57704675705124,75.1,1.614172915333276,139.1,0.737,228.02842865694367
28,51.34680239449757,112.87962331942649,75.4,1.5574302892667253,139.3,0.74,231.23276878758082
29,51.448343171412716,112.98228588684867,75.7,1.5394895142625822,139.9,0.738,236.13725535891965
30,51.44993454915322,112.78503731932376,75.8,1.5887506496713464,140.0,0.7340000000000001,239.7418932962151
31,51.45157818128044,112.38788057122841,75.7,1.6440137567221078,139.2,0.733,239.6466876892872
32,51.353275774841364,112.09081869437388,75.7,1.5472788985804051,137.8,0.733,237.3516437979448
33,51.355029092061805,111.79385484116594,75.6,1.5097461404077603,137.1,0.732,238.5567670575831
34,51.35683995209069,111.69699226786355,75.6,1.4330155494229289,136.6,0.73,241.6620630849597
35,51.45871023279687,111.70023433793943,75.7,1.573087194964912,136.0,0.733,244.16753768415523
36,51.46064187261978,111.80358452554492,75.9,1.5591611485577679,135.5,0.7340000000000001,245.67319685272315
37,51.56263687247548,111.90704641908256,76.1,1.5448374839772685,135.7,0.7340000000000001,247.579046788035
38,51.5646972977194,111.91062372488926,76.2,1.3313162773194438,136.1,0.7340000000000001,249.98509389382642
39,51.76682528016738,112.41432027103305,76.6,1.650597607071057,136.2,0.74,254.59134478695006
40,51.76902302017643,112.51814001122665,76.7,1.5718815541820559,136.9,0.741,254.5978063043413
41,51.77129278878669,112.22208702886115,76.5,1.552768202140042,137.0,0.741,252.00448551020273
42,51.77363692992627,111.72616554116307,76.4,1.5452576370468045,136.8,0.74,250.01138970341395
43,51.57605786268034,111.33037990347792,76.2,1.6217499476969635,136.3,0.741,248.51852642517295
44,51.5785580836262,111.034734613684,76.2,1.598245225658762,135.8,0.743,247.52590346687552
45,51.68114016923583,111.03923431673964,76.3,1.6119435653570604,135.9,0.75,247.73352887823964
46,51.68380677834757,111.14388380936764,76.5,1.561245064158567,136.5,0.7509999999999999,248.14141097568134
47,51.68656065470847,111.04868804488018,76.4,1.5665498224593573,137.5,0.753,246.14955835094912
48,51.68940462958915,110.85365213814806,76.5,1.593057943774723,137.6,0.754,243.1579798800242
49,51.69234162447247,110.758781370718,76.5,1.5651695348313899,137.5,0.755,241.26668473229324
50,51.69537465381798,110.3640811960814,76.3,1.5644847056621538,138.0,0.755,238.87568238000168
51,51.59850682790364,110.06955724509871,76.1440139965866,1.4926035697029727,137.49167837476435,0.755,235.88498260799417
52,51.50174135574645,109.67521533158305,75.94556761887021,1.5391262438925561,136.19491447184723,0.7545172146446473,233.59459552375054
53,51.50508154810369,109.28106145804679,75.74717598488296,1.599652848774494,135.39826459666003,0.7525355039903474,232.40453156772432
54,51.40853082055639,108.98710182161537,75.54884101664605,1.5517835086019605,134.40173275265153,0.7535544389234218,230.81480152399223
55,51.31209269667669,108.79334282011166,75.55056470316345,1.6447183514450319,133.3053230827913,0.7545740421496733,230.3254165312216
56,51.41577081128058,108.69979105831557,75.55234910272023,1.620857509300657,132.70903987435725,0.7575943371675494,230.03638809396486
57,51.31956891376785,108.606453354402,75.55419634525761,1.6070011182053083,132.91288756388232,0.7586153482953855,230.747728094288
58,51.323490871550554,108.51333674656192,75.45610863482625,1.5635493183503506,133.41687074226482,0.7596371006995537,231.45944880374196
59,51.32754067357173,108.52044849980979,75.35808825212081,1.5789022542001536,133.8209941600477,0.7576596204235455,232.97156289568483
60,51.23172243391582,108.22779611298179,75.16013755709801,1.572260074612978,134.02526273287174,0.7566829344180148,232.1840834579631
61,51.2360403955122,107.9353873259286,74.86225899168055,1.561222932964658,133.92968154710766,0.757707070571814,229.99702400596007
62,51.14049893393328,107.64323012690656,74.7644550825498,1.5585909872750996,133.3342558656731,0.7577320577440491,228.41039849602043
63,51.14510256128861,107.45133276017124,74.5667284440296,1.6199644003376181,133.13899113403963,0.757757925797188,227.5242213392583
64,51.04985593021613,107.25970373377713,74.4690817810641,1.6125433398511186,132.44389298643497,0.7577847056312514,226.4385074157581
65,51.05476383797193,107.06835182758728,74.3715178922922,1.581127978555141,132.04896725224717,0.7578124292191178,225.45327208917567
66,50.95983123061954,107.07728610149644,74.17403967322151,1.5669184943677656,132.4542199626357,0.756841129642977,225.16853122174868
67,50.96506320731994,107.18651590387161,74.07665011950468,1.573515070526381,132.8596573573558,0.7548708411319647,225.08430118972393
68,50.97046502472313,107.49605088021298,74.17935233032098,1.5681178957313138,132.66528589180214,0.7569015991010108,224.60059889920987
69,51.076042101462086,107.90590098203927,74.38214951186627,1.5775271642923026,133.0711122442782,0.7579334401909403,225.4174418024626
70,51.18180002274995,108.41607647600016,74.58504498095405,1.5621430762778028,133.97714332349696,0.7579664023098553,227.13484791461258
71,51.28774454508081,108.82658795321913,74.88804216873115,1.6095658376670958,134.78338627632053,0.7560005246758419,228.95283583084063
72,51.29388160103478,109.13744633886955,74.99114462451072,1.638995660505171,134.98984849574407,0.7570358478610325,228.97142474400962
73,51.30021730418724,109.34866290198688,74.99435601972604,1.6168327630603416,135.19653762913114,0.7580724138370646,227.69063446276036
74,51.306757954122816,109.36024926551902,74.59768015200828,1.5762773699845436,135.80346158670764,0.75811026602197,226.5104854300774
75,51.31351004155345,109.47221741661745,74.60112094939134,1.5773297124762613,135.91062855032004,0.7551494493285372,225.2309987423323
76,51.22048025354061,109.48457971717097,74.50468247464737,1.6519900284460134,135.71804698246612,0.7541900102141831,224.05219616881038
77,51.22767547882093,109.69734891458334,74.7083689297559,1.6266585626843149,134.62572563560383,0.7532319967323717,222.47410017172663
78,51.335102813234364,109.81053815279654,74.91218466051056,1.5749355670320313,134.63367356174678,0.7492754585856242,222.7967339267366
79,51.34276956525395,110.12416098356024,75.21613416126601,1.5640213005530195,135.2419001223518,0.746320447180155,224.7201213439468
80,51.45068326161562,110.53823137794805,75.52022207982927,1.6639160297089397,135.35041499850738,0.7463670156821789,226.74428708942926
81,51.55885165304638,110.95276373812048,75.82445322249829,1.6466200285361094,135.55922820142862,0.7474152190759252,226.86925660724376
82,51.56728272008889,111.36777290933424,76.02883255925171,1.5969335788242547,136.86835008326702,0.746465114223404,227.19505614197072
83,51.67598467901986,111.78327419219676,76.3333652290927,1.5708569702969994,137.47779134824165,0.7455167599259618,228.82171276175728
84,51.684965987859606,111.89928335516437,76.53805654555093,1.691190500793912,137.8875630640991,0.7465702169876681,230.84925438187747
85,51.79423535246932,112.11581664728182,76.74291200234545,1.569134476453921,137.59767667390923,0.7486255482805773,231.57770978880725
86,51.803801732732545,112.4328908111603,76.94793727921258,1.5714892118998751,137.108144008204,0.7506828188118982,234.00710866481384
87,51.91367434881644,112.75052309619014,77.1531382479015,1.583455030424024,137.11897729746602,0.7527420957931201,237.8374816130575
88,51.923862687508354,112.86873127198378,76.95852097834133,1.6234322641741572,137.83018918497427,0.7548034487111308,240.06886018320273
89,51.93437650862215,112.78753364204377,77.06409174498276,1.6250212543401243,138.04179274001322,0.7588669494013626,238.60127689753546
90,51.94522585146869,112.60694905764908,76.9698570333174,1.5774223513404346,138.3538014714523,0.7599326721230125,236.43476527757923
91,51.85642104138375,112.32699693195299,76.77582354657811,1.5666359150086087,138.26622934170206,0.7610006936363671,232.96935987120463
92,51.86797269630628,112.14769725428371,76.58199821262303,1.695862314778929,137.37909078105343,0.7590710932822707,230.10509628022214
93,51.77989173339917,111.86907060463857,76.48838819100646,1.6031019298712041,136.29240070240584,0.7581439530637732,227.54201118844807
94,51.69218937570369,111.59113816836052,76.19500088023922,1.5695551494741395,135.70617451638995,0.7572193577299902,226.48014239023118
95,51.70487715881841,111.41392175098561,76.00184392524093,1.571222372926871,135.52042814689045,0.7552973948622048,227.81952881942502
96,51.61796693759204,111.33744379324715,76.00892522498691,1.585704009898185,135.33517804697405,0.7533781549622477,229.76021057878924
97,51.6314708928191,111.16172738622217,75.91625294035155,1.6630004805629206,134.95044121522653,0.751461731543175,230.60222896980054
98,51.645401537926396,111.3867962866031,76.02383550215036,1.5943122157750076,134.46623521250413,0.7515482212222747,230.34562652285118
99,51.75977172563683,111.71267493207705,76.33168161938231,1.5760396572365596,134.3825781791016,0.7506377238164237,232.59044702781102
100,51.87459465459669,111.93938845679165,76.53980028767388,1.5837832576624054,135.29948885234072,0.7507303424398122,236.03673556492464
101,51.88988387595082,112.26696270688646,75.64820079792597,1.6375434809393965,135.91698658458108,0.750826183604053,238.2845385360135
102,52.00565329984941,112.49542425606498,76.15689274516427,1.6245208022797941,136.2350913616553,0.7529253573206882,237.13390369594873
103,52.021917201868526,112.62480042118189,76.66588603759382,1.597515708367986,137.0538238217285,0.7550279772061007,235.98488018435725
104,52.03869022932549,112.85511927781631,76.97519090585719,1.5785286974997474,137.773205274583,0.7551341605888319,236.53751855751923
105,52.05598740746882,113.18640967580085,77.08481791249625,1.591160279713213,138.39325772132642,0.7542440286193063,238.59187082041217
106,52.17382414552091,113.51870125467252,77.19477796161628,1.591810976910669,138.6140038745211,0.7533577063819551,239.44799045885136
107,52.19221624255027,113.55202445900997,77.40508230875065,1.5816813229702429,138.63546717873228,0.7534753230097208,240.6059324716727
108,52.21117989314875,113.58641055361763,77.5157425709245,1.5939718638464975,138.6576718314894,0.7525970118009293,242.3657534028987
109,52.2307316928873,113.52189163851544,77.62677073691373,1.5954831576589033,138.68064280465555,0.7537229103384953,243.12751137382406
110,52.2508886435224,113.55850066368896,77.53817917769668,1.5842157747670917,138.30440586619704,0.7548531606114296,241.99126611495095
111,52.171668157923555,113.5962714435519,77.44998065709332,1.5793702978317556,138.3289876023448,0.7549879091386014,241.85707899769886
112,52.1930880646904,113.63523867106939,77.46218834258758,1.6645473218599913,138.55441544013607,0.7561273070947032,243.425013065809
113,52.21516661242623,113.67543793148725,77.47481581632616,1.6169474542338338,137.88071767032446,0.7582715104383545,243.09513306635483
114,52.23792247363288,113.61690571560811,77.58787708628716,1.5805713147206724,137.6079234706436,0.75942068004227,242.5675054802661
115,52.26137474818992,113.65967943255224,77.60138659761047,1.5962195354641797,137.7360629294075,0.7585749818254053,243.4421985522652
116,52.28554296637919,113.40379742193619,77.51535924408064,1.6750927609543287,137.56516706942855,0.7577345868869823,241.4192823201087
117,52.21044709141369,113.14929896539894,77.22981037975192,1.6439916479750214,136.59526787223194,0.7588996716422812,236.8988286430182
118,52.13610752142778,112.99622429740025,77.04475583070382,1.5897168655277814,135.92639830254163,0.7600704179600736,233.68091122917826
119,52.16254509088346,112.84461461521211,77.0602119069142,1.5850690947299284,136.05859233301132,0.7592470133015528,232.76560566217015
120,52.18978107134562,112.79451208801936,76.8761954142355,1.624049028685576,135.89188496917006,0.7604296508606035,232.3529894262012
121,52.117837171576696,112.74595986504066,76.69272366645764,1.6242573723277567,135.6263122745487,0.7616185297052351,231.64314192998245
122,52.1467355368993,112.69900208257684,76.6098144974406,1.6200948422299175,135.3619113959511,0.7638138549199811,231.33614452909669
123,52.17649874777309,112.65368386988797,76.32748627329642,1.5947621663849876,135.3987205888285,0.7640158377490499,231.5320805466901
124,52.20714981753,112.710051353796,76.34575790459964,1.665860083950164,135.93677924271321,0.7652246957399921,232.0310352923113
125,52.23871218920992,112.76815166190471,76.46464885860286,1.67298934495553,136.57612790666278,0.7664406528876199,230.83309607871104
126,52.17120973143674,112.72803292432323,76.38417917143157,1.6245507099745717,137.416808314661,0.7646639397778993,228.93835223640679
127,52.10466673327266,112.58974427377449,76.30436946023082,1.5941449497546327,137.75886341091876,0.7638947937315023,226.44689512580396
128,52.13910789798675,112.55333584396466,76.12524093523324,1.7353728448053098,136.90233737501092,0.7631334589466835,225.65881814665744
129,52.17455833567174,112.61885876608426,76.14681541171626,1.6426351849427818,136.54727564678234,0.7633801866411172,225.07421674464382
130,52.11104355464133,112.68636516330669,76.16911532181257,1.6039327687880336,136.39372495094852,0.7646352351922954,224.89318841480562
131,52.148589451538534,112.75590814314441,76.1921637261363,1.60566640321694,136.64173332131213,0.7648988702760641,225.21583270161656
132,52.187222300084265,112.92754178751835,76.21598432518371,1.7314369027601744,137.29135012450982,0.7651713650028341,225.64225119540635
133,52.226968738393644,113.10132114039062,76.14060147046418,1.675245088950908,137.3426260831974,0.7684530000509715,225.07254752487208
134,52.36785575478673,113.27730219280663,76.16604017531436,1.6362917896182965,137.79561329857526,0.7707440637968335,224.3068273453924
135,52.30991067201925,113.45554186518716,76.09232612534504,1.6049778381247757,138.55036527214827,0.7690448524408795,224.44519832284973
136,52.35316112985811,113.33609798670756,76.01948568846606,1.6165040725452358,139.20693692660697,0.7683556701292465,224.58777011265445
137,52.397635065926366,113.21902927159658,75.84754592443193,1.6212713347861967,138.6653846257109,0.7676768290701317,223.6346543336554
138,52.34336069474192,113.00439529218403,75.67653459384645,1.6128804696431838,138.3257661930443,0.767008649644288,223.08596453661022
139,52.390366484874654,113.09225644852316,75.80648016656085,1.6109323237945845,137.58814092950888,0.7683514605088884,223.34181616687968
140,52.43868113414736,113.18267393441104,75.9374118293955,1.7126277447303762,136.85256962940804,0.7697055986939677,224.50232652100073
141,52.5883335428067,113.47570969962791,76.06935949311222,1.6683675796142305,136.71911459496926,0.7720714096906053,224.86761469678513
142,52.63935278459227,113.67142640821521,76.30235379855814,1.6457526740776447,137.78783964914174,0.7724492475299582,225.43780153658264
143,52.69176807563354,113.96988739261096,76.23642612189937,1.624383870944903,138.9588101464976,0.7698394748522044,226.11300956334068
144,52.74560874110722,113.87115660346127,76.17160857885683,1.6530620088878591,138.73209298205495,0.7692424629644017,225.89336290908759
145,52.700904179590694,113.87529855492805,76.10793402785305,1.6353879210097224,137.9077565978324,0.7726585918862183,224.87898723546166
146,52.7576838250509,114.08237826531402,76.14543607197302,1.6397624333572638,137.8858709869335,0.7730882503824272,225.17000964590548
147,52.815977106412454,114.39246119283005,76.1841490596385,1.6273863633610937,137.86650769495114,0.7745318359810085,226.1665585891437
148,52.87581340465409,114.6056131663333,76.22410808388922,1.6714605182039433,137.9497398184705,0.7769897549756452,226.868763753563
149,52.93722200738815,114.72190031087057,76.26534898016084,1.6819856931171697,138.33564200044043,0.7774624224113366,226.97675595211447
150,53.00023206088465,114.64138896786733,76.2079083224435,1.644562669606026,138.9242904221723,0.7779502620518052,226.49066699736477
151,52.964872519508994,114.36414560981231,75.95182341770108,1.65239221360458,138.8157627917154,0.7764537063273059,225.41062956632769
152,52.93117209255045,114.29023674929584,75.797132298426,1.7146750735615395,138.2101383283491,0.7779731962614,224.43677705471833
153,52.99915918842814,114.01972884227331,75.64387371319987,1.7254119784586226,137.3074977429213,0.7785091813751924,222.9692434202834
154,53.06886185627093,114.05268818543702,75.59208711512618,1.6758036357635513,136.80792321375458,0.7810621195674865,222.40816301487735
155,53.14030772487903,114.38918080759562,75.7418126479968,1.6458507293201625,137.41149835783176,0.7826324769692499,223.65367040497185
156,53.21352393908691,114.62927235497754,75.69309113004985,1.7239539171786158,138.3183081969646,0.7842207277707425,225.20590018030822
157,53.28853709356003,114.57302797039348,75.24596403517354,1.6949138293691532,138.92843911864253,0.7878273540196093,224.66498675042817
158,53.265373164071974,114.42051216621483,75.40047347140627,1.675531065623376,138.44197883124974,0.7884528453881966,223.53106412884733
159,53.2440574363232,114.27178869114849,75.35666215658134,1.6510061930475248,137.95901631333484,0.7900976989083195,223.00426570467053
160,53.32461443237848,114.22692039081383,75.41457339096166,1.7273397437527938,137.47964175661033,0.7927624186716666,222.98472400148435
161,53.30706783481681,113.98596906215658,75.17425102670813,1.7369322124482631,137.60394650235756,0.7884475154940105,222.1725704234059
162,53.19144040870507,113.54899530176387,73.1357394340242,1.6745840540025938,137.33202297090762,0.7891535065413677,219.5679349882136
163,53.17775392152509,113.41605834817838,72.79908346381866,1.6798956809812091,136.56396458387056,0.7868809149162442,217.9709460475375
164,53.16602906120298,113.48721591834436,73.26432840672906,1.6904674611662522,136.49986567878358,0.7846302692020968,217.28172999414264
165,53.15628535240933,113.56252403835548,73.73151994834916,1.7018997150671937,137.23982141585293,0.7854021029641535,216.70041095640264
166,53.24854107131932,113.74203686871522,74.00070412050655,1.6981927134305255,137.6839276764677,0.7861969542047476,216.32711048012507
167,53.34281315904291,114.0258065243612,74.17192724843905,1.6985466747575386,138.83228095317224,0.7840153647713595,216.46194719796407
168,53.43911713395619,114.31388288975006,74.34523589372405,1.8225617628397308,139.28497823079127,0.7798578797155962,216.80503648673152
169,53.537467003187054,114.80631342934491,74.5206767928199,1.6846380843219058,139.84211685841538,0.777725046601406,216.45649011299986
170,53.7378751735297,115.30314299389501,74.79829679108596,1.7023756863035306,139.90379441196907,0.7796174147608919,217.5164158674769
171,53.94035236208406,115.90441362294726,74.77814277215668,1.734974553989377,140.4701085471017,0.7795355344961866,219.38491718872413
172,54.144907506938,116.51016434407912,75.06026158255553,1.733234608400899,141.74115684216244,0.780479956225957,221.762092776885
173,54.35154767823059,117.12043096939459,75.54469995144592,1.7259557041601785,142.5170366310472,0.7804512295752394,223.54803619819023
174,54.4602779899556,117.53524588987734,75.83150440543132,1.7231376273586059,143.29784482573206,0.7784499024074535,225.2428354811097
175,54.67110151288342,117.95463786824732,75.82072117833096,1.7151800935227144,143.8836777283422,0.7774765197976209,226.7465727051274
176,54.78401918899825,118.67863183102061,75.91239611587683,1.7740827456898132,144.1746308326415,0.7795316229460011,229.15932358322465
177,55.09902974786435,119.20724866052397,74.90657457529625,1.726645152606182,144.7707986148695,0.783615748031589,231.38115703926707
178,55.216129625350774,119.94050498766687,76.20330131976695,1.7248668070606532,145.87227431389792,0.7877294250051488,234.61213478160397
179,55.43531288515759,120.17841298632374,76.90262040775546,1.749147124366374,146.37914970072973,0.7898731763217443,236.65231087429976
180,55.45657114359818,120.32098017022682,77.1045750772763,1.7382854410034358,145.9915148374179,0.7930475156130071,236.70173130752966
181,55.57989349810163,120.26820919331523,77.20920762513758,1.7430810134348356,144.6094578255422,0.7952529462997221,236.46043356878178
182,55.60526645990578,120.12009765452797,77.31655928127063,1.7375330171079364,143.53306454444527,0.7964899601456487,236.92844621661507
183,55.73267389141545,120.07663790806622,77.32667007827318,1.8104405456531871,142.36241837949956,0.7967590357538814,237.40578845882655
184,55.862096948701165,120.13781688018527,77.33957871633233,1.808202610291342,142.19759994075025,0.7980606370074548,236.9924697369796
185,55.993514029611234,120.20361589360373,77.15532242373031,1.7644181394598135,142.3386867723578,0.800395211456328,236.88848931933808
186,56.02690072796419,120.3740105006416,77.17393681317641,1.7486859786680653,142.68575305334616,0.7997631886533425,237.7938359043351
187,56.2622297942788,120.6489703262152,77.1954557342495,1.776604890591124,143.03886929025003,0.8001649784422242,239.00848723678186
188,56.39947110348581,120.82845892182644,77.31991112227927,1.7789735554093618,142.99810200234393,0.8016009692012037,239.33240973908661
189,56.538591630047954,121.1124336316866,77.54733284403952,1.767790571401663,143.06351340023124,0.8040715260463516,239.86555815980873
190,56.679555430893735,121.40084547210822,77.77774854067273,1.776654455797967,143.33516105866573,0.8055769889992642,240.40787524191208
191,56.82232363654493,121.59363902528489,77.91118346831254,1.8539636458959508,143.71309758457858,0.8091176711242913,241.0592914131096
192,56.86685445078857,121.89075234855478,77.84766033691947,1.7945165004453179,143.69737028138294,0.8136938566410585,240.71972450069993
193,57.013103159210544,122.19211690021109,77.78719914789264,1.8139113013017707,144.28802081072993,0.8143057990186144,241.08907947329172
194,57.06102214687088,122.09765748287964,77.62981703106968,1.776146255351305,144.98508485298927,0.8169537190581022,239.96724821178586
195,57.11056092535952,122.30729220543219,77.57552808177421,1.912019496703942,144.48859176782975,0.8196378029714295,239.05410931194217
196,57.261666169426775,122.42093246434037,77.72434319861765,1.8491290891544785,144.39856425637055,0.8233582004639737,239.0495279207939
197,57.314281763334606,122.53848294530383,77.57626992280717,1.852273028906239,144.6150180264699,0.8261150228299077,238.2533556090888
198,57.46834885702389,122.65984164590311,77.63131227975543,1.821049247552213,144.83796146280804,0.8249083410692607,237.76543028182925
199,57.52380593213887,122.58489991993588,77.28947062382795,1.8406556153063431,145.667395303506,0.8197381840363304,237.18557612885914
200,57.58058887789406,122.7135425439943,76.8507414871018,1.8386899444761369,145.80331232509937,0.820604536629526,235.51360361729397
201,57.638631076710695,123.04564780673068,76.81511743304267,1.8227499931661857,146.54569703775695,0.8215073380331529,234.94930952742348
202,57.79786349949046,123.48108762114089,76.8825869160361,1.8292334692006404,147.294525392693,0.8234464800220123,235.3924770335232
203,57.95821481033404,123.91972766006892,77.35313414773289,1.9025380342512057,148.14976450377344,0.8224218053400228,236.04287583080276
204,58.119611480450885,124.26142751500427,77.72673897118624,1.8714613081557947,148.61137238535133,0.8244331061643068,236.40026230948706
205,58.2819779109466,124.60604087810592,78.20337674376968,1.8612008734116638,149.07929770839223,0.8254801226663733,236.66437977677924
206,58.445236564114275,125.05341574724454,78.4830182298691,1.8597542798255966,149.65347957695863,0.8255625416821264,237.43495872719075
207,58.70930810279775,125.60339465370947,78.86562950433881,1.9327190493025965,150.13384732711495,0.828679995502436,238.61171716144466
208,58.97411153733854,126.3558149120794,79.35117186770026,1.9200926807535426,150.82032035029172,0.83383206079593,240.49436095386773
209,59.139564379564064,126.91050889160847,79.23960177404109,1.858272655101388,152.21280794310414,0.8360182576754817,242.08258426788572
210,59.305582803224326,127.26730430833203,78.73087077254397,1.874056440364778,153.11120918556,0.8402380489195791,242.77607001892878
211,59.4720818102369,127.626024536952,79.32492546353464,1.933441496797373,153.31541284951086,0.8434908393593692,243.17449038373988
212,59.63897540205737,127.78648894142124,79.5217074698919,1.950425282060763,153.02529733910063,0.8467759754416573,243.377507354766
213,59.706176755454,127.94851322301058,79.6211534246028,1.9442052564086083,152.7407306648438,0.8480927449775193,243.58477333799766
214,59.87359840193258,128.21190978451395,79.52319497517988,1.8935788878595545,152.76157045282656,0.8494403770854514,244.3959317923145
215,60.141152410029385,128.37648810912646,79.82775880557946,1.8949436573365546,152.98766399036083,0.8488180423371186,245.91061790809465
216,60.208750569668716,128.6420551524191,79.83476667617393,1.9134970637504871,153.2188483092443,0.8512248531128107,246.92845932255406
217,60.376304577765524,129.00841574573494,79.84413548223527,1.913236629006356,152.85495030757778,0.8516598641726328,248.2490768690099
218,60.543726224244104,129.1753730092421,79.85577733128412,1.9153599029109452,152.69578691087835,0.8541220734482855,249.57208535700093
219,60.71092757764074,129.54272877280465,80.0695996395462,1.9458644679615102,152.84116527299238,0.8536104230590191,250.99709437996285
220,60.877821169461214,129.71028400277206,79.18550524764152,1.923547943995965,152.8908830170683,0.8561238005539905,252.1237091469407
221,61.1443201764738,130.37783923273943,78.8033925555057,1.951207992686014,153.8447285165895,0.8596610403818126,254.65153133463173
222,61.31033860013406,131.145194996302,80.02315567641578,1.9324423218558078,155.00248121620035,0.863220925586596,257.5801599558911
223,61.57579144235959,131.81215225980915,80.94468460985914,1.9484486896099378,156.2639119917812,0.865802189728228,260.3091922407025
224,61.84059487690039,132.478512853125,81.66786543284995,1.9384249082559117,157.52878354894855,0.8714035190230555,262.23822452551383
225,62.00466641558387,132.84407989641767,81.89258050916195,1.9747688480076724,158.79685085887343,0.8750235546995299,263.5668531467732
226,62.067925068751556,133.00865822103015,81.91870871581031,1.9526784404582087,159.1678616300292,0.8776608955617662,262.6946753344642
227,62.13029149924728,133.07205478253354,81.54612568598311,1.9645516818108457,158.94155681420216,0.8803141007523776,261.72129010144204
228,62.19168816936413,133.0340790641229,81.77470406749237,1.99118663586038,158.4176711448289,0.8829816927043814,260.94629912440394
229,62.35203948020772,133.19454346859212,81.20431379569007,1.958181436716833,158.39593370546305,0.8856621602704656,260.46930761239497
230,62.41127190298751,133.35326369721213,81.43482237967659,1.9735342912661995,158.67606852592954,0.8863539620164587,260.78992515885074
231,62.569314101804146,133.61005911393568,80.86609520051829,2.0488434813641834,159.15779520349258,0.8890555296644918,261.5077665733101
232,62.72609704755935,134.16475309346478,81.99799582009021,2.0121073657604875,159.1408295461561,0.8917652716700839,263.3224526890902
233,62.98155412267434,134.8171733518347,82.9303862990698,1.9869243817527886,160.124884235024,0.8924815769162507,265.83361114340704
234,63.23562121636364,135.46715225829965,82.56312752252848,1.9876930465710265,161.60966950248724,0.8932028185067251,268.3408771266386
235,63.38823681027148,136.0145271274383,81.99607953150267,2.030411958494085,162.7948938228651,0.8949273576395324,270.04389409766463
236,63.539342054338746,136.55914049053996,82.52910185887364,1.9722797977023367,163.88026461202182,0.8966535475414517,270.94231446247574
237,63.7888808328274,137.20084034547534,83.86205386784783,1.9944953268708083,164.5654889323997,0.900379737443371,272.0358002135187
238,63.93679982048776,137.5394803844034,84.89479509130653,2.016657391508963,165.05027419986294,0.9031042765761783,272.92402352753663
239,64.08304852890974,137.8749201988136,85.32718557028612,2.005164920054214,165.23432888873083,0.9068255181666528,273.50666731995966
240,64.22757934315341,138.40702546155,84.55908618985805,2.0156169237273147,165.51736323139437,0.9095418234128196,275.08342575421347
241,64.47034754880463,139.13566808560844,85.49035901069975,2.021212496158714,166.19908990895743,0.909251565418412,278.7540047046249
242,64.71131134965042,139.66072635964122,86.62086759468627,2.016750812795776,167.2792247294239,0.9089531330664449,282.41812217191693
243,64.95043187621258,140.18208506024052,87.45047732288398,2.095431130101497,167.9574872900581,0.9096449348124382,284.6755086506012
244,65.0876731854196,140.59963554120404,87.87905570439324,2.057252784555968,168.43360162068484,0.9123254023785226,285.12590744788065
245,65.22300225173423,141.01327580011224,88.20647267456606,2.0462151914723368,169.10729680485784,0.9159929943305265,285.7690749539803
246,65.4563889500872,141.72291052266482,88.53260088121445,2.0475178436394352,169.37830757601364,0.926646199521138,288.7047808641097
247,65.7878060309973,142.52845110533337,88.75731595752646,2.1035603098035436,170.34637488593853,0.9322835403833745,294.73280835254445
248,66.01722908828303,142.92981565698972,89.68049678051729,2.032342233001971,171.6112464431059,0.9329035760598492,298.25295419957416
249,66.14463651979273,143.12692898025966,90.00202571396065,2.050663328761251,171.57267721868678,0.9365049053546769,298.3650288723145
250,66.17000948159689,143.11972253343635,90.12178883487074,2.0385233831727727,171.6304299182977,0.9400861694963091,297.56885656060933
251,66.19333183610036,143.10813437385798,89.93967614273495,2.105522250858619,171.48427541781894,0.9446460547010926,296.86427516946094
252,66.31459009454097,143.19210908371815,89.75558175083027,2.058459852840244,171.53399316189487,0.948183294528915,295.85113626961714
253,66.4337733543478,143.27159767932943,89.96940405909237,2.050936174322419,171.8793715240089,0.9506966720238867,295.8293050081112
254,66.55087323183426,143.44655750490307,90.28104590814122,2.0773512624046107,171.8202081273095,0.9541850216346205,296.9986599807029
255,66.66588379070038,143.61695211194098,90.4904147142026,2.132105223731624,171.55631012564305,0.9596472309102734,297.359093068293
256,66.67880146681522,143.58275112535944,90.69742258479708,2.1167982220949555,171.38749444452654,0.963082241970096,296.81050923949044
257,66.78962498974306,143.84393009747853,90.5019864151967,2.060230475995897,171.31358798206088,0.9654890527457883,296.6528263215937
258,66.89835530146809,144.00047035101682,90.6040279657738,2.07400225618094,171.93442777004367,0.9678667179974558,297.8859747423156
259,67.0049954727607,144.15235881222955,91.1034739204847,2.087713883159555,172.14986109578692,0.972214350105388,298.6098972446203
260,67.10955061761464,144.49958783531804,91.500255926842,2.074165724713886,173.1597455853767,0.9735311196412506,299.2245485770669
261,67.21202780616903,144.84215501922114,91.29431061783268,2.1025581934093553,173.86394924932762,0.9728162557235389,300.32989516206385
262,67.31243597651171,145.08006301787802,91.78557961633557,2.1012917441146244,174.3623504917835,0.9710690461633295,300.8259147444222
263,67.4107858457426,145.31331934502094,92.27400952267645,2.1543668715387727,175.154838084596,0.9722888374074272,301.0125960225751
264,67.50708982065589,145.64193617452432,91.45955188603791,2.1321841077929955,175.64131110777282,0.9754750342869792,299.68993826478646
265,67.60136190837949,145.86593013729765,92.04216316050764,2.0919440199835333,176.42167885792918,0.9786270995804738,299.0579509126196
266,67.69361762728951,146.08532211566765,92.62180464660709,2.1240472078419863,177.29586072649562,0.9797445534007836,299.61665317387167
267,67.78387391849587,146.30013703615043,92.79844241919056,2.1012943013985974,177.36378604953657,0.9828269724165373,300.3660736071014
268,67.87214905817379,146.71040366146593,93.17204724264394,2.135685958703526,177.6253939311145,0.9868739889186039,300.40624969979706
269,67.95846257099382,147.0161543825978,93.64259447434074,2.1204228636006093,178.48063304219502,0.9868852897428884,300.63722744213385
270,68.0428351448821,147.4174250116501,94.01006395733418,2.1011057235575685,179.2294613971311,0.9888606150608993,301.65906089817616
271,68.12528854732045,147.7142545762002,94.07443990327508,2.204535267556123,179.67184610978873,0.989799757049759,302.9718117762733
272,68.20584554337574,147.8066851157951,94.03571076654897,2.114312244044979,179.4077631313822,0.9917025584533862,303.2755490002909
273,68.284529815627,147.894761481184,94.29386911062151,2.1212374189582053,179.7371969720802,0.9935689110465824,303.8703482832102
274,68.36136588613896,147.97853113683,94.2489114675698,2.1177115738010546,179.96014040841837,0.9953987540136524,304.55629170451533
275,68.4363790406121,148.05804396718975,94.30083819175935,2.2157355038048845,180.07659417851778,0.9961920722530058,305.2334672926761
276,68.50959525482,148.2333520872009,94.54965330860281,2.1697100161524263,179.78656666705862,0.9979488946189401,304.80196861392324
277,68.48104112342811,148.20450965736688,94.69536435930738,2.1316359282742896,178.9900735818992,1.0006692921114846,303.86189436840016
278,68.65074379127091,148.27157270378143,94.93798224248442,2.1191140662172456,178.98713762415855,1.0043533760248124,304.0133479946683
279,68.71873088714862,148.33459894338876,95.07752105345762,2.2289452630845035,179.37778815350558,1.0070012960643004,305.0564372834357
280,68.78503046019009,148.39364761473152,95.31399792206457,2.1351303575479177,179.86206085031003,1.0096132384418568,305.6912740012746
281,68.84967091881444,148.64877931439688,95.44743284970441,2.1292701924317723,180.8399973762229,1.0091894239586243,306.51797352499693
282,68.91268097231097,148.90005583933055,95.37784854633765,2.1277656133675635,181.71164503465744,1.006730106083652,307.9366544872568
283,69.07408957504504,149.14754003515193,95.60527026809791,2.1502174675189645,182.4770564325448,1.0032355690365649,309.0474384338619
284,69.1339258732867,149.79129565056792,96.02972565612772,2.1494266023759514,182.53628914463877,1.0027061258817132,310.0504494931856
285,69.29221915464827,150.53138719794984,96.25124457720082,2.1297938646169126,183.28940538154268,1.002142116640693,312.5458140579933
286,69.44899880010848,151.16787982010845,96.36985896664694,2.1321200990373725,184.4364716625311,1.003543906429575,315.2336604799147
287,69.60429423859196,151.9008391632722,96.98560267404496,2.116006147543852,184.9775584941387,1.00591188362659,318.5141187767284
288,69.75813490406566,152.43033125624967,97.79851131210413,2.14225284821124,185.8127400553894,1.0112464580754637,320.88732035255157
289,69.91055019510695,152.85642239573326,97.90862210910672,2.1432610344019736,186.64209389044376,1.0155480593290371,323.7533977309706
290,69.96156943689253,153.1791790376782,98.31597376523978,2.1594315339452077,187.56570060934686,1.0188171349372703,326.21248430109046
291,70.01122184555189,153.09866769467504,98.42060631310109,2.2147651683741145,187.98364359747123,1.0190541487831972,326.1647140764267
292,70.0595364948246,152.9149548392123,98.42256098262193,2.1948627522193656,187.39600873415944,1.0242595794699125,323.6102214665211
293,70.10654228495736,152.72810681271557,98.52188007061046,2.155325092356838,186.50288412099127,1.0274339187611758,321.749141061115
294,70.05226791377291,152.33818974023163,98.31860681508118,2.147752987407515,186.20435982001976,1.0285776700777713,320.68160742668
295,69.89674184984119,151.94526945061762,97.91278527450062,2.121347227187576,185.40052760224782,1.0316913470513316,318.40775491507054
296,69.83999230768006,151.44941140208442,97.90446021204653,2.2057085922066175,184.49148070654712,1.0347754721369198,315.4277174840334
297,69.88204722491258,151.35068061293475,97.89367698494618,2.1604378532119837,183.9773136091573,1.0378305752853003,313.2416285292836
298,69.82293424130569,151.0491415973305,97.8804814389316,2.15833577077716,183.8581218038422,1.037857192675468,312.749620727835
299,69.76268067961507,150.84485830591782,97.26491980782201,2.17860309493223,184.034001592727,1.0358558655076826,311.35182589225417
300,69.70131352816081,150.4378940711347,96.84703861822086,2.166440564834391,184.00504988778778,1.033827138856965,308.6483748354924
301,69.73885942505802,150.2283115570226,96.6268845992916,2.1470489084765716,184.07136402292045,1.0347715605867358,306.7393972459361
302,69.67534464402763,150.31617271336174,96.70450459755767,2.147628842432219,183.83304157647422,1.0356896803220306,306.3250215723101
303,69.81079508171263,150.40153873394922,95.87994549665356,2.1701810716343664,183.79018020409833,1.036582048481517,307.30537491805694
304,69.84523624642672,150.58447001883826,95.15325414193856,2.1819062891871264,183.6428774817174,1.0394492153673272,307.98058294481496
305,69.87869324826266,150.76502614035866,95.72447726987109,2.1628051762078186,184.091230758422,1.041291730311564,308.8507697846124
306,69.91119079048948,150.9432658127392,96.29366144202848,2.159278401697968,184.93533701903678,1.041110140878176,310.41605796039676
307,69.94275316216942,151.11924686515522,96.76085298364862,2.203726622441475,185.57529275610614,1.0419049921187704,311.3765683145177
308,69.97340423192634,151.2930262180275,97.22609792655902,2.2049504829283135,186.11119385101924,1.0446768258808274,310.8324199447871
309,70.00316744280013,151.56465986240147,97.48944195635349,2.1785506153021563,186.94313546398217,1.04642618016668,310.38373014774186
310,70.03206580812274,151.7342028422392,97.55093036366958,2.167327639330392,187.57121193253226,1.0471535885415568,310.6306143687427
311,70.06012190835382,151.60170923946163,97.51060799941607,2.2136821623950556,188.09551667827952,1.0458595795889145,309.3731861585474
312,69.88735788881598,151.36723216158126,97.4685192337964,2.181214779503244,187.41614212155505,1.0475446764112586,306.6115571360047
313,69.91379545827168,151.2308237317714,97.52470791897149,2.1635260733156496,186.73317960364017,1.0502093961746057,304.945836956525
314,69.93945588828578,151.2925350812227,97.37921735520423,2.1650166141919045,186.44671931624742,1.051854249694729,305.37613328599065
315,69.96436001332029,151.15241634364122,97.33209026032793,2.203686960251478,186.35685023792536,1.0494797410633165,305.8025517797804
316,69.88852823150957,151.11051665174995,97.38336874238101,2.1871376574489343,186.16366007705824,1.0480863673121834,305.52519606659126
317,69.91198050606661,150.966884135658,97.33309427525163,2.1905692396623997,186.16723522113543,1.0506746181136764,304.84416773675304
318,69.93473636727327,151.0215659229691,96.18130767717795,2.1831822287941614,186.56766069196877,1.0512449755154398,304.45956633473935
319,69.9568149150091,150.97460814050532,95.62804909195184,2.211377134882353,186.965020106541,1.0507979137077341,304.5714893555928
320,69.97823482177596,151.12605591752663,95.87335797267677,2.2391544562227508,186.75939564317468,1.0523338988215265,304.1800322449899
321,69.99901433617711,151.0759533903339,96.21727306793437,2.2373146794997423,186.3508680127178,1.0538533887556207,303.0852884026856
322,69.91917128681222,151.12434370814577,96.45983241021703,2.2286582799255874,186.1395164344497,1.0553568330311218,302.4873491890853
323,70.03872308655077,151.0712690401471,96.70107330648865,2.1991857213871393,186.6254186164197,1.0548446726715905,302.4863039347065
324,70.05768673714927,151.31677058360984,96.5410323307394,2.2312974565992265,187.30865073993908,1.0563173401072823,302.9822399522999
325,70.07607883417863,151.4608885729938,91.97974531840487,2.1581939272639623,188.0892874479567,1.057775259101919,303.0752425514141
326,69.99391557223072,151.50366228993795,93.71724736252486,2.1758755642352763,188.96740183705785,1.0572188447005004,302.96539505519524
327,69.91121275037406,151.34513007405883,93.15357281152107,2.1771427876880076,188.84306545283528,1.0536485031967096,302.1527788192263
328,69.82798577783103,151.08532933447668,92.28875526847855,2.225596007290943,188.21634828839268,1.052064632118526,300.1374732522181
329,69.74424967985014,150.62429656199419,93.12282759181979,2.200035622383218,187.18731878574854,1.0494676202307238,297.9195558383782
330,69.66001910374874,150.3620673418571,88.35582189726573,2.1964620221535385,186.55604383992102,1.0428578475529697,296.09910216128765
331,69.57530832510288,149.79867636703062,85.78776956098245,2.280875585821713,185.82258880548227,1.0362356853923231,294.476185929131
332,69.49013125406273,149.23415745192847,84.31870122381713,2.242476682822023,184.78701750538147,1.0296014963889608,291.3508790011302
333,69.30450144177318,148.76854354653614,83.64864679653151,2.19406567298799,183.54939224184605,1.0239556345740402,288.3232514150414
334,69.31843208688048,148.40186675087358,83.37763546594606,2.175242906738123,183.10977380917947,1.0232984454386407,286.1933714155872
335,69.23193604210755,148.33415832974526,83.30569570191193,2.174008725262272,182.8682215082834,1.0226302660127973,284.8613054836973
336,69.24502582088118,148.3654487277298,83.23285526503295,2.251563460708226,182.92479316274213,1.0239514249536823,284.7271183664452
337,69.25771360399591,148.59576758436424,83.25914121506364,2.2307074363682347,183.37954513631513,1.0272622426420495,284.99087310757204
338,69.37001124630044,149.12514374948114,83.38457991991383,2.2066409668651477,184.43253235169306,1.0295630312860957,286.0526310784974
339,69.48193028339332,149.65360529865967,83.7091970651943,2.257364358337892,185.98380831038065,1.033854095031958,288.01245200972335
340,69.59348193831585,150.38117954875446,84.03301766424171,2.2188779086260375,187.73342511357833,1.0391357300800954,289.8703940225447
341,69.8046771282309,151.10789307346909,87.75606606856546,2.2379819074532072,189.48143348394194,1.0424082248068653,291.72651366098387
342,69.81552647107746,151.63377171894302,91.57836597866176,2.2102766366091275,191.12788278810814,1.0466718598906342,293.2808659238768
343,69.92604029219126,152.25884061932402,89.79994045514479,2.2001623701301156,192.97282105987958,1.0479269084418124,294.83350429703876
344,70.03622863088317,152.683124212299,91.02081193014723,2.248439374477832,193.71629502397172,1.049173636136246,296.0844807854472
345,70.04610124696708,153.10664625456056,90.34100221894647,2.1883079087161335,194.1583501202295,1.0494123013514276,296.9338459453824
346,70.15566762723029,153.22942983718565,89.86053253177519,2.1945682246858853,194.49903052822776,1.0476431553050307,298.4816489164713
347,70.16493699184002,153.25149740090762,92.77942348577842,2.2148205671776036,194.4383791921773,1.04786644219531,300.22793745358484
348,70.17391830067976,153.07287075126243,92.29769511708164,2.226265174101805,193.47643784606205,1.047082399342938,300.97275795854466
349,70.18262025961073,152.7935710735932,93.21536689293747,2.268502276656976,192.01324703893945,1.0452912573338802,300.51615551159534
350,70.09105132665326,152.5136189478971,92.23245772392045,2.1803320994950512,190.34884616034185,1.043493240162949,299.9581739026066
351,70.09921971808402,152.2330343635024,91.14898597614258,2.205354860884344,189.38327346572055,1.041688565377695,299.8988556619708
352,70.00713341444569,151.9518367335624,92.06496948346387,2.2163707728698445,188.31656610187926,1.0428774442223268,299.73824209116464
353,70.01480016646528,151.67004490935605,90.48042555967426,2.172580041430833,187.64876013234897,1.0430600817813775,299.47637329294776
354,70.02222750087873,151.3876771943859,89.09537101062615,2.189982866635766,187.07989056265865,1.0432366771228567,299.61328820117365
355,70.02942272615904,151.30475135826438,89.40982214629744,2.295379442794381,187.00999136546204,1.0434074234406494,299.94902461019115
356,70.03639293814621,151.32128465038184,90.72379479276762,2.2527699586070056,186.43909550548312,1.0425725081959485,299.68361920381653
357,70.04314502557683,151.23729381334945,88.33730430409094,2.2177545973110284,186.267234964247,1.0407321132575253,299.1171075838603
358,70.0496856755124,151.25279509621197,86.95036557405194,2.182333536824529,186.39444076456618,1.0398864150406606,299.049524298193
359,70.05602137866488,151.16780426742574,88.66299304779052,2.284906949887047,187.02074299475458,1.0380355846445763,299.3809028683382
360,69.96215843461884,151.08233662759818,90.27520073328479,2.243875004197489,187.04617083254584,1.0391797879882274,298.71127581658186
361,69.9681029569497,151.19640702198598,87.78700221268144,2.2152378625491687,187.2707525686936,1.0423191859443293,298.1406746925884
362,70.07386087823757,151.31002985274966,89.89841065346438,2.1841956829619935,187.7945156302351,1.0434539344715015,298.2691300995182
363,70.07943795497653,151.52321909096287,90.60943881945362,2.2139486188117967,188.51748660340127,1.0455841847444356,298.99667171963836
364,70.08483977237972,151.63598828837524,88.22009908162747,2.2092968189568385,188.83969125615837,1.0477100832820017,299.5233283394249
365,70.19007174908012,151.74835058892876,86.53040342876184,2.20624042786149,189.0611545603696,1.0498317720732102,299.84912787415186
366,70.19513914172774,151.8603187400272,87.34036347788187,2.189179585717115,189.5819007135643,1.0519493887009759,300.17409739196637
367,70.20004704948353,151.97190510355935,87.04999048452095,2.268114428560186,190.30195316030768,1.0520630664636248,300.8982631374488
368,70.20480041841107,152.08312166667667,88.85929535278432,2.2498450883876524,190.8213346131622,1.0541729344940993,300.921650554659
369,70.20940404576639,152.1939800523271,90.66828864521386,2.2339716932695906,190.74006707323542,1.0532791178768304,300.64428430966893
370,70.21386258418748,152.2044915295461,90.57698059245217,2.1860943674591744,190.5581718503096,1.049381737762243,300.9661883125852
371,70.31818054578385,152.21466702350696,92.58538110270425,2.2606132314999927,190.97566958255,1.0434809114788783,301.8873857390633
372,70.32236230612794,152.22451712533328,94.49349977099584,2.257928402330757,191.0925802557891,1.0415767526431192,301.80789905131815
373,70.32641210814913,152.33405210167464,93.90134588822778,2.211639993387424,190.8089232223866,1.0396693712665077,301.3277500186352
374,70.33033406593182,152.2432819040498,93.9089284500266,2.2053481147027894,190.8247172196642,1.0357588738606567,301.34695973738593
375,70.33413216841909,152.25221617795899,93.01625616539124,2.22865287300358,190.6399803879167,1.0328453635397565,301.36554865055496
376,70.33781028302299,152.26086427176912,89.02333746513722,2.1915543718050863,189.85473028800027,1.0339289401206835,300.7835365667829
377,70.34137215914328,152.36923524537502,88.83018051013894,2.1904527115033847,189.0689839185008,1.0340097002207265,302.10094267893294
378,70.44482143159598,152.5773378786397,88.93679319937169,2.1805479894651834,188.6827577324849,1.0370877373529415,305.01778558218564
379,70.54816162395323,152.88518067961763,91.54318317775514,2.190640300115342,188.89606765383732,1.0421631420191582,308.7340832916716
380,70.65139615179605,153.29277189256447,94.04935784380005,2.276329735022105,189.4089290931887,1.0482360018006607,313.1498532596468
381,70.75452832588171,153.70011950573647,94.95532435706075,2.2664163829800907,190.02135696343845,1.0553064014465645,315.76511239221986
382,70.85756135522722,154.00723125898432,95.9610896453954,2.2721003300910896,191.03336569487755,1.0623744229599188,316.57987706563745
383,70.96049835011053,154.31411465114428,95.36666041203684,2.274181659842703,191.84496924991652,1.070440145681569,317.29416314213717
384,70.96334232499122,154.5207769472307,96.47204314247666,2.2562604531848782,192.45618113742478,1.0775036463718006,318.807985985375
385,70.96609620135212,154.6272251854346,97.87724411116558,2.2967367886043792,193.5670144266868,1.0785649992898114,320.1213604754354
386,70.96876281046386,154.5334661839309,97.18226938803272,2.232410742197235,194.57748176098153,1.0766242762710336,316.53430102343236
387,70.87134489607348,154.13950654749948,97.38712484482724,2.2112823877392183,194.18759537079166,1.0706815468023545,310.04682158571063
388,70.67384511701935,153.34535267396322,97.39181616128546,2.1981517967543867,192.7973670866491,1.0617368780952636,302.7589356776535
389,70.37626604977342,152.35101076044756,93.79634883112647,2.2678190385817416,189.90680835162374,1.0507903351569703,295.97065638710745
390,70.178610190913,151.05648680946487,88.10072816787988,2.214684180440039,183.61593023346214,1.0398419808595278,288.0819963874306
391,69.98087995952326,149.76178663482827,85.70495931054892,2.2219472874908,180.32474343638341,1.0328918760070065,280.3929679501738
392,69.68307769953232,148.8669158673982,84.70904722911216,2.2180084228995645,182.53325831253898,1.025940079400753,274.5035829574032
393,69.6852056819803,148.77187996066607,84.3129967298676,2.3232676478954217,184.34148487314403,1.0199866479027766,270.4138529136711
394,69.68726610722422,148.97668419617864,84.11681246062226,2.208525021828871,185.84943279928694,1.0190316364973078,270.4237889576449
395,69.68926110707991,149.68133368880663,84.22049891573081,2.1705806022280454,187.1571114524247,1.02307509835056,274.8334018734013
396,69.89119274690282,150.4858333918623,84.52406044098683,2.2350344448533397,188.16452988457073,1.0291170848687488,281.2427021013937
397,70.193063027609,151.59018810206834,84.7275012383699,2.2034866037504837,190.37169684818315,1.0371576457543945,287.75169974910216
398,70.39487388763789,152.5944024643832,86.33082537065215,2.2163371313021005,192.07862080575964,1.044196829060962,295.0604046013712
399,70.59662720485834,153.59848097668512,91.33403676586747,2.2411860782777877,193.08530993914675,1.0532346812458673,302.3688261304463
400,70.79832479841926,154.40242799431962,94.63713922164703,2.239233493882754,193.49177215857026,1.0642712472218994,307.8769735057141
401,70.89996843054648,154.80624773451322,96.14013640942413,2.2288794258050615,194.19801511139386,1.07230657040709,312.08485560315575
402,71.00155980828698,155.209944280657,95.84303187851191,2.1925239202614932,194.70404619061262,1.0783406927730765,316.5924810145199
403,71.00310058520212,155.3135215864637,97.1458290600572,2.2301670220420964,195.10987254308867,1.0813736548919917,320.59985805622244
404,71.004592363011,155.01698348000136,97.9485312708735,2.206608774553426,194.915501077535,1.079405495981921,320.80699477798146
405,70.80603669318542,154.42033366760685,96.85114171715666,2.1954492198605298,194.2209384722551,1.0744362539509673,317.9138989711927
406,70.60743507849773,153.32357573768272,95.85366349808598,2.145888398727704,189.52619118264366,1.0634659654399548,313.1205781770541
407,70.3087889745227,151.62671316438036,91.4560996093141,2.3775263506580555,181.93126544845586,1.0514946658638142,307.5270396944453
408,70.01009979109483,150.3297493111724,86.9584529463486,2.2539631139319027,181.4361673008512,1.0435223894516805,300.933290587569
409,69.81136889372225,149.73268743431788,85.26072630782839,2.1847987256440433,183.6409025692177,1.037549169285744,296.3393376933604
410,69.71259760495829,149.43553068622253,84.66292239869765,2.2476332217399237,185.94547688778317,1.032575037338883,293.6451876286722
411,69.61378720573218,149.2382821186976,84.36504383328018,2.3148666370507387,186.34989570201907,1.028600024511118,290.7508467972401
412,69.61493893663965,148.94094468611982,84.26709313825738,2.267699005327492,186.1541642748431,1.025624160664917,288.45632139643567
413,69.51605399919482,148.64352124849506,84.16907275555195,2.184530359274043,185.85828769262602,1.0226474746593865,287.3616174238123
414,69.51713355704443,148.54601457442914,83.97098504512059,2.0681607305791725,185.6622708710085,1.0226699943833784,287.2667406834505
415,69.51817873714522,148.54842734400748,83.97283228765797,2.2337901499476924,185.1661185605336,1.0246917467875467,288.5716967921081
416,69.519190630906,148.75076215158683,83.97461668721476,2.209418647130626,184.46983535209952,1.0267127579153827,290.6764911851802
417,69.52017029529475,148.95302150850148,83.97634037373214,2.185846250954486,184.6734256822393,1.0307330529332588,293.9811291224757
418,69.62111875391257,149.1552078456862,83.97800540549524,2.2058729893496762,185.17689383823082,1.0357526561595103,296.9856156938145
419,69.6220369980345,149.6573235162187,84.07961377150798,2.27229888937804,185.78024396304357,1.0417715910925849,300.3899558244517